id_a,id_b,tiempo_min,distancia_horizontal_nm,distancia_vertical_ft
V01,V02,0.750000000000,0.000000000000,0.000000000000
V01,V05,-10.606601717798,130.656296487638,5000.000000000000
V01,V06,-11.692997820866,132.952397081828,5000.000000000000
V02,V05,-9.856601717798,57.946444338271,5000.000000000000
V02,V06,-10.042997820866,63.489721533338,5000.000000000000
V05,V06,0.000000000000,6.000000000000,0.000000000000
