id_a,id_b,tiempo_min,distancia_horizontal_nm,distancia_vertical_ft
V01,V02,0.75,1.2246467991473533e-15,0.0
V01,V05,-10.606601717798213,130.65629648763766,5000.0
V01,V06,-11.692997820866106,132.9523970818282,5000.0
V02,V05,-9.856601717798213,57.94644433827058,5000.0
V02,V06,-10.042997820866104,63.489721533338304,5000.0
V05,V06,0,6.0,0.0
